{
	"TSLA": {
		"correlations": {
			"MSFT": 0.5274555457862065,
			"AAPL": 0.5028527279179812,
			"GOOGL": 0.5245656143659874,
			"NVDA": 0.5584053186611889,
			"ADBE": 0.4823829168966876,
			"WDAY": 0.6742929351439076,
			"IBM": 0.4306701879680843,
			"CSCO": 0.3534813318937205,
			"XOM": 0.5411713846908743,
			"CVX": 0.5674263714440229,
			"SLB": 0.5983139960244945,
			"PSX": 0.41436320787873365,
			"UNH": 0.4626100007575241,
			"JNJ": 0.21827775117203754,
			"JPM": 0.5218054058753859,
			"V": 0.5914429784459628,
			"NKE": 0.5927789429830915
		},
		"portfolio_metrics": {
			"avg_daily_return": 0.004649703396098439,
			"cum_return": 0.14870472820086422,
			"sharpe_ratio": 1.0182505467338592,
			"std_daily_return": 0.07248879303280725
		},
		"jensen_alpha": 0.012151490378837575,
		"information_ratio": 0.1295519911569321,
		"treynor_ratio": -0.012985641453632632
	},
	"MSFT": {
		"correlations": {
			"TSLA": 0.5274555457862065,
			"AAPL": 0.9338458030897098,
			"GOOGL": 0.9315032520450441,
			"NVDA": 0.8923020196011753,
			"ADBE": 0.9209074831755512,
			"WDAY": 0.7758849292880118,
			"IBM": 0.825523787172229,
			"CSCO": 0.8726087872541074,
			"XOM": 0.7791183387354994,
			"CVX": 0.7383184263911696,
			"SLB": 0.6758124146765676,
			"PSX": 0.6937403300298437,
			"UNH": 0.8169879806217035,
			"JNJ": 0.7809418005754964,
			"JPM": 0.8916992049650768,
			"V": 0.8904871312327953,
			"NKE": 0.7667138331487517
		},
		"portfolio_metrics": {
			"avg_daily_return": 0.00041451409585568596,
			"cum_return": -0.031030659058262744,
			"sharpe_ratio": 0.15617342580217267,
			"std_daily_return": 0.042133975364828456
		},
		"jensen_alpha": 0.0081680075568908,
		"information_ratio": 0.24312733509767284,
		"treynor_ratio": -0.016418150895234008
	},
	"AAPL": {
		"correlations": {
			"TSLA": 0.5028527279179812,
			"MSFT": 0.9338458030897098,
			"GOOGL": 0.9132150711954519,
			"NVDA": 0.8580806417623535,
			"ADBE": 0.8640875219094583,
			"WDAY": 0.6880567596696817,
			"IBM": 0.8237399476947994,
			"CSCO": 0.8784299968456463,
			"XOM": 0.8009000538047679,
			"CVX": 0.7312876032048068,
			"SLB": 0.6946138028669909,
			"PSX": 0.6878969298007525,
			"UNH": 0.830155440819969,
			"JNJ": 0.7812578353486251,
			"JPM": 0.8823633714411309,
			"V": 0.9041482761961604,
			"NKE": 0.7914644982122793
		},
		"portfolio_metrics": {
			"avg_daily_return": -0.0015721998111227747,
			"cum_return": -0.14971212004035284,
			"sharpe_ratio": -0.6168522347766795,
			"std_daily_return": 0.040460092161678014
		},
		"jensen_alpha": 0.005194379636077238,
		"information_ratio": 0.12431499110308873,
		"treynor_ratio": -0.0187503383360343
	},
	"GOOGL": {
		"correlations": {
			"TSLA": 0.5245656143659874,
			"MSFT": 0.9315032520450441,
			"AAPL": 0.9132150711954519,
			"NVDA": 0.8848707758973012,
			"ADBE": 0.8863698857322,
			"WDAY": 0.7490640567823142,
			"IBM": 0.8246421232237212,
			"CSCO": 0.8733768643772322,
			"XOM": 0.7816024271251457,
			"CVX": 0.7234821541201051,
			"SLB": 0.7098357284155676,
			"PSX": 0.6949138057764732,
			"UNH": 0.7908957529203684,
			"JNJ": 0.7346164794444399,
			"JPM": 0.8528078531000192,
			"V": 0.8743937182324213,
			"NKE": 0.7675120376833855
		},
		"portfolio_metrics": {
			"avg_daily_return": -0.0024275537968835893,
			"cum_return": -0.18401044579076908,
			"sharpe_ratio": -1.1522704310267387,
			"std_daily_return": 0.033443730574922
		},
		"jensen_alpha": -0.0007963015489461755,
		"information_ratio": 0.06633188187239597,
		"treynor_ratio": -0.024121693515621274
	},
	"NVDA": {
		"correlations": {
			"TSLA": 0.5584053186611889,
			"MSFT": 0.8923020196011753,
			"AAPL": 0.8580806417623535,
			"GOOGL": 0.8848707758973012,
			"ADBE": 0.8433779797414108,
			"WDAY": 0.7698039996652184,
			"IBM": 0.7786908885230355,
			"CSCO": 0.8042044704544268,
			"XOM": 0.80543421978822,
			"CVX": 0.7447927879937827,
			"SLB": 0.6824148936272264,
			"PSX": 0.653409595795353,
			"UNH": 0.8016525683063656,
			"JNJ": 0.6386277743304536,
			"JPM": 0.804962628375736,
			"V": 0.8531539211702434,
			"NKE": 0.7867656360796054
		},
		"portfolio_metrics": {
			"avg_daily_return": 0.0016395398633224385,
			"cum_return": 0.018404608325099048,
			"sharpe_ratio": 0.4961162384886985,
			"std_daily_return": 0.05246127104577912
		},
		"jensen_alpha": 0.014361332568921619,
		"information_ratio": 0.18160128124033206,
		"treynor_ratio": -0.013054313008753447
	},
	"ADBE": {
		"correlations": {
			"TSLA": 0.4823829168966876,
			"MSFT": 0.9209074831755512,
			"AAPL": 0.8640875219094583,
			"GOOGL": 0.8863698857322,
			"NVDA": 0.8433779797414108,
			"WDAY": 0.8048771682262071,
			"IBM": 0.7379628688954957,
			"CSCO": 0.7896130958845726,
			"XOM": 0.7037398081136533,
			"CVX": 0.6442888898538272,
			"SLB": 0.6780263124268365,
			"PSX": 0.6599989137905937,
			"UNH": 0.7338587710474754,
			"JNJ": 0.6484110075528284,
			"JPM": 0.8655637304032087,
			"V": 0.78505287161695,
			"NKE": 0.6289057318691617
		},
		"portfolio_metrics": {
			"avg_daily_return": -0.00038030763360213287,
			"cum_return": -0.08432898532465893,
			"sharpe_ratio": -0.1399152821855867,
			"std_daily_return": 0.043148942895718995
		},
		"jensen_alpha": 0.0060416038690223415,
		"information_ratio": 0.1370137463522553,
		"treynor_ratio": -0.01794543753219393
	},
	"WDAY": {
		"correlations": {
			"TSLA": 0.6742929351439076,
			"MSFT": 0.7758849292880118,
			"AAPL": 0.6880567596696817,
			"GOOGL": 0.7490640567823142,
			"NVDA": 0.7698039996652184,
			"ADBE": 0.8048771682262071,
			"IBM": 0.631195562508819,
			"CSCO": 0.6322707370877796,
			"XOM": 0.72396298755151,
			"CVX": 0.7174784794480543,
			"SLB": 0.7589800076093672,
			"PSX": 0.6438189779097754,
			"UNH": 0.6741621661403905,
			"JNJ": 0.4493968138857669,
			"JPM": 0.768884612790916,
			"V": 0.7594016182191607,
			"NKE": 0.6999348288616772
		},
		"portfolio_metrics": {
			"avg_daily_return": -0.003283456727477771,
			"cum_return": -0.23748566925973635,
			"sharpe_ratio": -1.3999417821491345,
			"std_daily_return": 0.03723244803028269
		},
		"jensen_alpha": -0.0031304371615884013,
		"information_ratio": -0.0007636304304196291,
		"treynor_ratio": -0.02687910975310484
	},
	"IBM": {
		"correlations": {
			"TSLA": 0.4306701879680843,
			"MSFT": 0.825523787172229,
			"AAPL": 0.8237399476947994,
			"GOOGL": 0.8246421232237212,
			"NVDA": 0.7786908885230355,
			"ADBE": 0.7379628688954957,
			"WDAY": 0.631195562508819,
			"CSCO": 0.823328721793903,
			"XOM": 0.785715975455234,
			"CVX": 0.7029505918853135,
			"SLB": 0.6371292473225562,
			"PSX": 0.6268134495846103,
			"UNH": 0.7931595519124067,
			"JNJ": 0.8096060138674436,
			"JPM": 0.8000984688722631,
			"V": 0.7916246672196409,
			"NKE": 0.7990603631513865
		},
		"portfolio_metrics": {
			"avg_daily_return": -0.002896648925801073,
			"cum_return": -0.21624579911602004,
			"sharpe_ratio": -1.2422522664497253,
			"std_daily_return": 0.03701573134594326
		},
		"jensen_alpha": 0.00041881441402886864,
		"information_ratio": 0.02332914479550929,
		"treynor_ratio": -0.02284732841885031
	},
	"CSCO": {
		"correlations": {
			"TSLA": 0.3534813318937205,
			"MSFT": 0.8726087872541074,
			"AAPL": 0.8784299968456463,
			"GOOGL": 0.8733768643772322,
			"NVDA": 0.8042044704544268,
			"ADBE": 0.7896130958845726,
			"WDAY": 0.6322707370877796,
			"IBM": 0.823328721793903,
			"XOM": 0.6913631844244593,
			"CVX": 0.6210002177026136,
			"SLB": 0.6141735755562494,
			"PSX": 0.6887136402860793,
			"UNH": 0.7419771389052938,
			"JNJ": 0.7954439398604232,
			"JPM": 0.7934082587764036,
			"V": 0.8264708961078054,
			"NKE": 0.7678914286630143
		},
		"portfolio_metrics": {
			"avg_daily_return": -0.002475502236848732,
			"cum_return": -0.19726026171540578,
			"sharpe_ratio": -1.0031381280240534,
			"std_daily_return": 0.03917444530746904
		},
		"jensen_alpha": 0.0015612321157049906,
		"information_ratio": 0.04252291266894901,
		"treynor_ratio": -0.02175411856746654
	},
	"XOM": {
		"correlations": {
			"TSLA": 0.5411713846908743,
			"MSFT": 0.7791183387354994,